{
  "accuracy": [
    0.673828125,
    0.8828125,
    0.927734375,
    0.9375,
    0.9609375,
    0.970703125,
    0.966796875,
    0.9765625,
    0.96875,
    0.9765625,
    0.978515625,
    0.97265625,
    0.96875,
    0.978515625,
    0.98046875,
    0.974609375,
    0.98046875,
    0.98046875,
    0.98046875,
    0.978515625,
    0.982421875,
    0.98046875,
    0.974609375,
    0.986328125,
    0.982421875
  ],
  "val_accuracy": [
    0.8203125,
    0.9375,
    0.953125,
    0.96875,
    0.9765625,
    0.9765625,
    0.9765625,
    0.9765625,
    0.9765625,
    0.984375,
    0.9765625,
    0.9765625,
    0.9765625,
    0.9765625,
    0.9765625,
    0.9765625,
    0.9765625,
    0.9609375,
    0.9765625,
    0.96875,
    0.96875,
    0.96875,
    0.9765625,
    0.9765625,
    0.9765625
  ],
  "loss": [
    0.8550764322280884,
    0.41333475708961487,
    0.2778075933456421,
    0.2153959721326828,
    0.16033709049224854,
    0.13211669027805328,
    0.10904574394226074,
    0.08644568920135498,
    0.11602001637220383,
    0.07275836914777756,
    0.0726180374622345,
    0.08326391875743866,
    0.09504453837871552,
    0.06973745673894882,
    0.06541735678911209,
    0.07736522704362869,
    0.06586571782827377,
    0.08125858008861542,
    0.06965699791908264,
    0.07088319957256317,
    0.05945887789130211,
    0.0577734000980854,
    0.06919325143098831,
    0.06047239527106285,
    0.061904579401016235
  ],
  "val_loss": [
    0.4738743007183075,
    0.27825477719306946,
    0.22557435929775238,
    0.17446978390216827,
    0.12196196615695953,
    0.10297244787216187,
    0.08913711458444595,
    0.07912614196538925,
    0.07796092331409454,
    0.06963345408439636,
    0.06280391663312912,
    0.06276889890432358,
    0.06425163894891739,
    0.05804818868637085,
    0.060239117592573166,
    0.06324677914381027,
    0.06061914563179016,
    0.09030371904373169,
    0.05936937779188156,
    0.06413444876670837,
    0.06875580549240112,
    0.06667309254407883,
    0.06094514578580856,
    0.055256959050893784,
    0.05479399114847183
  ],
  "best_val_accuracy": 0.984375,
  "best_test_accuracy": 0.984375,
  "best_attempt": 2,
  "training_time": 3.4104807376861572,
  "params_count": 80580
}