{
  "accuracy": [
    0.744140625,
    0.916015625,
    0.9609375,
    0.9609375,
    0.97265625,
    0.9765625,
    0.984375,
    0.982421875,
    0.986328125,
    0.984375,
    0.986328125,
    0.98828125,
    0.9921875,
    0.98828125,
    0.994140625,
    0.994140625,
    0.998046875,
    0.994140625,
    0.994140625,
    0.998046875,
    0.99609375,
    0.99609375,
    0.9921875,
    0.99609375,
    0.99609375
  ],
  "val_accuracy": [
    0.9609375,
    0.9609375,
    0.9609375,
    0.96875,
    0.9609375,
    0.9765625,
    0.96875,
    0.9609375,
    0.9765625,
    0.984375,
    0.984375,
    0.9453125,
    0.9765625,
    0.9765625,
    0.9765625,
    0.984375,
    0.9765625,
    0.9765625,
    0.9765625,
    0.984375,
    0.9765625,
    0.9765625,
    0.9765625,
    0.9765625,
    0.9765625
  ],
  "loss": [
    0.7314359545707703,
    0.25252822041511536,
    0.14728784561157227,
    0.12627199292182922,
    0.09702824801206589,
    0.08504100888967514,
    0.05953676253557205,
    0.053911395370960236,
    0.04195426031947136,
    0.042584460228681564,
    0.03472009301185608,
    0.03801758959889412,
    0.02777887135744095,
    0.02170359343290329,
    0.017220724374055862,
    0.01825614459812641,
    0.013134400360286236,
    0.011185208335518837,
    0.01451808214187622,
    0.014036343432962894,
    0.016495894640684128,
    0.011074523441493511,
    0.02096380852162838,
    0.009876751340925694,
    0.012561267241835594
  ],
  "val_loss": [
    0.1493186056613922,
    0.12565481662750244,
    0.1167449876666069,
    0.10809007287025452,
    0.10497850924730301,
    0.11971496045589447,
    0.1031445860862732,
    0.12424149364233017,
    0.09696914255619049,
    0.10347127914428711,
    0.11876337230205536,
    0.1508646309375763,
    0.13855022192001343,
    0.1092480942606926,
    0.10420458018779755,
    0.10579652339220047,
    0.11932700872421265,
    0.12934276461601257,
    0.13068096339702606,
    0.12745293974876404,
    0.12583187222480774,
    0.12883774936199188,
    0.1275337189435959,
    0.13078060746192932,
    0.13060800731182098
  ],
  "best_val_accuracy": 0.984375,
  "best_test_accuracy": 0.984375,
  "best_attempt": 1,
  "training_time": 6.738229036331177,
  "params_count": 297476
}