{
  "accuracy": [
    0.810546875,
    0.9453125,
    0.97265625,
    0.98046875,
    0.9765625,
    0.9765625,
    0.98828125,
    0.990234375,
    0.9921875,
    0.9921875,
    0.99609375,
    0.986328125,
    0.994140625,
    0.986328125,
    0.99609375,
    1.0,
    0.998046875,
    0.9921875,
    0.998046875,
    0.99609375,
    0.998046875,
    1.0,
    0.994140625,
    0.998046875
  ],
  "val_accuracy": [
    0.953125,
    0.9453125,
    0.9765625,
    0.9765625,
    0.9765625,
    0.9609375,
    0.9765625,
    0.9765625,
    0.984375,
    0.96875,
    0.9609375,
    0.96875,
    0.9765625,
    0.9765625,
    0.984375,
    0.9765625,
    0.9765625,
    0.9765625,
    0.9765625,
    0.984375,
    0.9765625,
    0.9765625,
    0.9765625,
    0.9765625
  ],
  "loss": [
    0.5408825874328613,
    0.1776696741580963,
    0.10277970135211945,
    0.05878324434161186,
    0.060260191559791565,
    0.06779500842094421,
    0.05100397393107414,
    0.04443022981286049,
    0.028602495789527893,
    0.020364046096801758,
    0.019265977665781975,
    0.03535514324903488,
    0.014823122881352901,
    0.020373957231640816,
    0.01556010078638792,
    0.00856993068009615,
    0.007510538212954998,
    0.01880660466849804,
    0.008457725867629051,
    0.010292744264006615,
    0.006866808980703354,
    0.004633051343262196,
    0.010204877704381943,
    0.007417728193104267
  ],
  "val_loss": [
    0.2119056135416031,
    0.1860923171043396,
    0.14027494192123413,
    0.08827067911624908,
    0.1070248931646347,
    0.1771358847618103,
    0.09342548996210098,
    0.1088709682226181,
    0.09636560082435608,
    0.11468864232301712,
    0.12931443750858307,
    0.10978026688098907,
    0.10805297642946243,
    0.09506164491176605,
    0.09920907765626907,
    0.10430409759283066,
    0.10322113335132599,
    0.11608567833900452,
    0.11104467511177063,
    0.109938845038414,
    0.11120479553937912,
    0.11419486254453659,
    0.11192147433757782,
    0.11669435352087021
  ],
  "best_val_accuracy": 0.984375,
  "best_test_accuracy": 0.984375,
  "best_attempt": 4,
  "training_time": 9.48097276687622,
  "params_count": 530564
}